23849	are naturalization records public information
42255	average salary for dental hygienist in nebraska
47210	average wedding dress alteration cost
67316	can fever cause miscarriage early pregnancy
118440	define bmt medical
121171	define etruscans
135802	definition of laudable
141630	describe how muscles and bones work together to produce movement
156498	do google docs auto save
169208	does mississippi have an income tax
174463	dog day afternoon meaning
258062	how long does it take to remove wisdom tooth
324585	how much money do motivational speakers make
330975	how much would it cost to install my own wind turbine
332593	how often to button quail lay eggs
336901	how old is vanessa redgrave
390360	ia suffix meaning
405163	is caffeine an narcotic
555530	what are best foods to lower cholesterol
583468	what carvedilol used for
640502	what does it mean if your tsh is low
673670	what is a alm
701453	what is a statutory deed
730539	what is chronometer who invented it
768208	what is mamey
877809	what metal are hip replacements made of
911232	what type of conflict does della face in o, henry the gift of the magi
914916	what type of tissue are bronchioles
938400	when did family feud come out?
940547	when did rock n roll begin?
997622	where is the show shameless filmed
1030303	who is aziz hashim
1037496	who is rep scalise?
1043135	who killed nicholas ii of russia
1051399	who sings monk theme song
1064670	why do hunters pattern their shotguns?
1071750	why is pete rose banned from hall of fame
1105792	define: geon
1106979	define pareto chart in statistics
1108651	what the best way to get clothes white
1109707	what medium do radio waves travel through
1110678	what is the un fao
1113256	what is reba mcentire's net worth
1115210	what is chaff and flare
1116380	what is a nonconformity? earth science
1121353	what can you do about discrimination in the workplace in oklahoma city
1122767	what amino produces carnitine
1127540	meaning of shebang
1131069	how many sons robert kraft has
1132532	average annual income data analyst
1133579	how does granulation tissue start
1136043	difference between a hotel and motel
1136047	difference between a company's strategy and business model is
1136962	why did the ancient egyptians call their land kemet, or black land?